{"cameraMode":{"drawMode":0,"name":"Shaded","section":"Shading Mode"},"sceneLighting":true,"audioPlay":false,"sceneViewState":{"m_AlwaysRefresh":false,"showFog":true,"showSkybox":true,"showFlares":true,"showImageEffects":true,"showParticleSystems":true,"showVisualEffectGraphs":true,"m_FxEnabled":true},"in2DMode":false,"pivot":{"x":14.818717956542969,"y":0.5788350105285645,"z":-8.200416564941407},"rotation":{"x":0.021732663735747339,"y":0.978213906288147,"z":-0.14065594971179963,"w":0.1511474996805191},"size":10.636310577392579,"orthographic":false}